keyword,intent,volume_est,difficulty
e-waste recycling kochi,transactional,2500,Low
itad services kochi,transactional,800,Medium
certified e-waste recycler kerala,transactional,1200,Low
laptop recycling kochi,transactional,1500,Low
hard drive shredding kochi,transactional,900,Medium
nist 800-88 data destruction kochi,transactional,400,Medium
kspcb authorized recycler kochi,transactional,600,Low
corporate e-waste management kochi,transactional,700,Medium
sell old laptop kochi,transactional,3500,Medium
macbook buyback kochi,transactional,1200,Medium
iphone resale value kochi,transactional,4500,High
computer scrap buyers kochi,transactional,2000,Low
electronic waste disposal kochi,transactional,1800,Low
free e-waste pickup kochi,transactional,1400,Low
secure data wiping kochi,transactional,500,Medium
epr compliance kochi,transactional,300,Medium
it asset disposition kerala,transactional,900,Medium
server recycling kochi,transactional,600,Low
data center decommissioning kochi,transactional,350,Medium
battery recycling kochi,transactional,1100,Low
ups recycling kochi,transactional,800,Low
smps buyers kochi,transactional,1200,Low
motherboard scrap price kochi,transactional,2500,Low
ram scrap buyers kochi,transactional,900,Low
cpu scrap price per kg kochi,transactional,1500,Low
mobile phone recycling kochi,transactional,2200,Low
e-waste collection center ernakulam,transactional,1600,Low
it asset buyback Kochi,transactional,1100,Medium
business laptop retirement kochi,transactional,400,Medium
certified destruction certificate kochi,transactional,300,Low
where to dispose e-waste in kochi,informational,1200,Low
impact of e-waste on environment kochi,informational,800,Low
types of e-waste in india,informational,2500,Medium
e-waste management rules 2022 india,informational,1500,Medium
dpdp act 2023 for e-waste,informational,900,Medium
how to wipe hard drive for recycling,informational,3000,Medium
urban mining benefits kochi,informational,400,Low
circular economy electronics kochi,informational,600,Low
hazardous components in monitor,informational,1100,Low
what is itad services,informational,1800,Medium
why recycle old computers,informational,2000,Low
process of e-waste recycling,informational,3500,Medium
best way to sell old phone kochi,informational,5000,High
how to schedule e-waste pickup,informational,1200,Low
kerala pollution control board e-waste list,informational,1400,Medium
e-waste recycling kochi kakkanad,local,900,Low
itad services kochi infopark,local,600,Medium
laptop recycling kochi smartcity,local,400,Medium
hard drive shredding kochi aluva,local,350,Low
e-waste collection kochi edappally,local,1100,Low
data destruction kochi vytilla,local,500,Low
sell old laptop kochi thrippunithura,local,800,Low
e-waste disposal kochi kalamassery,local,700,Low
it asset disposition kochi thrikkakara,local,300,Low
computer buyers kochi kadavanthra,local,900,Low
iphone buyback kochi mg road,local,1200,Medium
bulk e-waste pickup kochi nettour,local,250,Low
itad partners kochi fort kochi,local,150,Low
ewaste recycler kochi palarivattom,local,800,Low
laptop scrap buyers kochi maradu,local,600,Low
...and 250 more variations...,,,
